--
-- Script was generated by Devart dbForge Studio 2020 for MySQL, Version 9.0.338.0
-- Product home page: http://www.devart.com/dbforge/mysql/studio
-- Script date 10/15/2022 11:55:56 PM
-- Server version: 8.0.30
-- Client version: 4.1
--

-- 
-- Disable foreign keys
-- 
/*!40014 SET @OLD_FOREIGN_KEY_CHECKS=@@FOREIGN_KEY_CHECKS, FOREIGN_KEY_CHECKS=0 */;

-- 
-- Set SQL mode
-- 
/*!40101 SET @OLD_SQL_MODE=@@SQL_MODE, SQL_MODE='NO_AUTO_VALUE_ON_ZERO' */;

-- 
-- Set character set the client will use to send SQL statements to the server
--
SET NAMES 'utf8';

--
-- Set default database
--
USE do_an;

--
-- Drop table `bai_viet`
--
DROP TABLE IF EXISTS bai_viet;

--
-- Drop table `phan_loai`
--
DROP TABLE IF EXISTS phan_loai;

--
-- Drop table `tai_khoan_dang`
--
DROP TABLE IF EXISTS tai_khoan_dang;

--
-- Drop table `tac_gia`
--
DROP TABLE IF EXISTS tac_gia;

--
-- Set default database
--
USE do_an;

--
-- Create table `tac_gia`
--
CREATE TABLE tac_gia (
  ID_tac_gia char(36) NOT NULL DEFAULT '',
  Ma_tac_gia char(100) NOT NULL DEFAULT '',
  Ten_tac_gia varchar(255) CHARACTER SET utf8mb3 COLLATE utf8mb3_general_ci NOT NULL DEFAULT '',
  Gioi_tinh smallint NOT NULL,
  SDT varchar(255) NOT NULL DEFAULT '',
  Nam_sinh date NOT NULL DEFAULT '2001-02-20',
  Dia_chi varchar(255) CHARACTER SET utf8mb3 COLLATE utf8mb3_general_ci NOT NULL DEFAULT '',
  PRIMARY KEY (ID_tac_gia)
)
ENGINE = INNODB,
CHARACTER SET utf8mb4,
COLLATE utf8mb4_0900_ai_ci;

--
-- Create index `Ma_tac_gia` on table `tac_gia`
--
ALTER TABLE tac_gia
ADD UNIQUE INDEX Ma_tac_gia (Ma_tac_gia);

--
-- Create index `SDT` on table `tac_gia`
--
ALTER TABLE tac_gia
ADD UNIQUE INDEX SDT (SDT);

--
-- Create table `tai_khoan_dang`
--
CREATE TABLE tai_khoan_dang (
  ID_tai_khoan_dang char(36) NOT NULL DEFAULT '',
  Email varchar(50) NOT NULL DEFAULT '',
  Mat_khau varchar(255) CHARACTER SET utf8mb3 COLLATE utf8mb3_general_ci NOT NULL DEFAULT '',
  Ten_hien_thi varchar(255) CHARACTER SET utf8mb3 COLLATE utf8mb3_general_ci NOT NULL DEFAULT '',
  ID_tac_gia char(36) NOT NULL DEFAULT '',
  PRIMARY KEY (ID_tai_khoan_dang)
)
ENGINE = INNODB,
AVG_ROW_LENGTH = 16384,
CHARACTER SET utf8mb4,
COLLATE utf8mb4_0900_ai_ci;

--
-- Create index `Email` on table `tai_khoan_dang`
--
ALTER TABLE tai_khoan_dang
ADD UNIQUE INDEX Email (Email);

--
-- Create index `ID_tac_gia` on table `tai_khoan_dang`
--
ALTER TABLE tai_khoan_dang
ADD UNIQUE INDEX ID_tac_gia (ID_tac_gia);

--
-- Create index `Ten_hien_thi` on table `tai_khoan_dang`
--
ALTER TABLE tai_khoan_dang
ADD UNIQUE INDEX Ten_hien_thi (Ten_hien_thi);

--
-- Create foreign key
--
ALTER TABLE tai_khoan_dang
ADD CONSTRAINT FK_tai_khoan_dang_ID_tac_gia FOREIGN KEY (ID_tac_gia)
REFERENCES tac_gia (ID_tac_gia);

--
-- Create table `phan_loai`
--
CREATE TABLE phan_loai (
  ID_phan_loai char(36) NOT NULL DEFAULT '',
  Chinh_tri_xa_hoi float NOT NULL DEFAULT 0,
  Doi_song float NOT NULL DEFAULT 0,
  Khoa_hoc float NOT NULL DEFAULT 0,
  Kinh_doanh float NOT NULL DEFAULT 0,
  Phap_luat float NOT NULL DEFAULT 0,
  Suc_khoe float NOT NULL DEFAULT 0,
  The_gioi float NOT NULL DEFAULT 0,
  The_thao float NOT NULL DEFAULT 0,
  Van_hoa float NOT NULL DEFAULT 0,
  Vi_tinh float NOT NULL DEFAULT 0,
  PRIMARY KEY (ID_phan_loai)
)
ENGINE = INNODB,
CHARACTER SET utf8mb4,
COLLATE utf8mb4_0900_ai_ci;

--
-- Create table `bai_viet`
--
CREATE TABLE bai_viet (
  ID_bai_viet char(36) NOT NULL DEFAULT '',
  ID_phan_loai char(36) NOT NULL DEFAULT '',
  ID_tai_khoan_dang char(36) NOT NULL DEFAULT '',
  Tieu_de text NOT NULL,
  Noi_dung text NOT NULL,
  Anh text DEFAULT NULL,
  Ngay_dang datetime NOT NULL DEFAULT CURRENT_TIMESTAMP,
  PRIMARY KEY (ID_bai_viet)
)
ENGINE = INNODB,
CHARACTER SET utf8mb4,
COLLATE utf8mb4_0900_ai_ci;

--
-- Create index `ID_phan_loai` on table `bai_viet`
--
ALTER TABLE bai_viet
ADD UNIQUE INDEX ID_phan_loai (ID_phan_loai);

--
-- Create foreign key
--
ALTER TABLE bai_viet
ADD CONSTRAINT FK_bai_viet_ID_phan_loai FOREIGN KEY (ID_phan_loai)
REFERENCES phan_loai (ID_phan_loai);

--
-- Create foreign key
--
ALTER TABLE bai_viet
ADD CONSTRAINT FK_bai_viet_ID_tai_khoan_dang2 FOREIGN KEY (ID_tai_khoan_dang)
REFERENCES tai_khoan_dang (ID_tai_khoan_dang);

-- 
-- Dumping data for table tac_gia
--
INSERT INTO tac_gia VALUES
('3f7bb059-6c87-1b53-7f6a-e0860b0602ba', 'TGD001', 'Trịnh Thị Hồng Nga', 1, '0388985723', '2004-01-20', 'Bắc Ninh\r\n'),
('676c50b7-4130-6122-b044-6bc098520b79', 'TGD002', 'Nguyễn Viết Thanh', 0, '0380925459', '1997-10-28', 'Hà Tây'),
('6fd9cee5-30b5-5670-79ff-f8ad76748b41', 'TGD000', 'Lê Hoàng Trung', 0, '0382190723', '1973-08-12', 'Hà Nội');

-- 
-- Dumping data for table tai_khoan_dang
--
INSERT INTO tai_khoan_dang VALUES
('4fac4b9e-6c96-177f-d292-0ed10b503732', 'NVThanh123@nowhere.com', '123456', 'Admin03', '676c50b7-4130-6122-b044-6bc098520b79'),
('592b006d-6335-6101-edf6-092cdb0ab5e8', 'LHTrung123@example.com', '123456', 'Admin01', '6fd9cee5-30b5-5670-79ff-f8ad76748b41'),
('7c6369f2-18d3-679e-d7ab-8b7af6721bcf', 'TTHNga123@example.com', '123456', 'Admin02', '3f7bb059-6c87-1b53-7f6a-e0860b0602ba');

-- 
-- Dumping data for table phan_loai
--
INSERT INTO phan_loai VALUES
('1146f657-259f-3d63-d0c7-6c0aeb6ec302', 82, 38, 2, 78, 5, 87, 1, 1, 73, 39),
('11eea441-2a19-1735-6b78-553c0310877a', 19, 32, 7, 48, 25, 64, 63, 41, 46, 9),
('1235c88b-5f2a-78d9-e612-ebbbcf065d1c', 4, 71, 46, 91, 36, 15, 76, 3, 73, 32),
('12a3b1c2-3be3-4332-d0f8-494a84b910f4', 39, 27, 69, 47, 80, 10, 2, 95, 55, 1),
('133b54c3-3b57-1e4d-b7ad-cb989f2177da', 65, 27, 81, 8, 97, 36, 26, 97, 7, 3),
('1696afd7-6db8-201b-0d28-030d4265475f', 58, 14, 65, 94, 13, 1, 8, 95, 7, 75),
('16f20a3e-4e43-1b90-cbc7-6c0aeb6ec302', 66, 9, 0, 89, 64, 79, 52, 96, 51, 97),
('1731fa87-79fd-4cc1-6978-553c0310877a', 83, 54, 69, 66, 34, 3, 20, 64, 57, 44),
('1786e061-1526-3304-e712-ebbbcf065d1c', 2, 68, 49, 93, 22, 7, 87, 58, 74, 11),
('185f84ed-4563-51a0-cac7-6c0aeb6ec302', 6, 56, 38, 52, 79, 50, 53, 2, 86, 26),
('19165ed7-212e-21c4-0428-030d4265475f', 65, 28, 3, 60, 83, 73, 14, 1, 46, 58),
('194f6516-1a6a-7e46-cfc7-6c0aeb6ec302', 49, 65, 56, 54, 69, 84, 71, 93, 50, 30),
('194fda9a-2129-413c-e529-16c01537719a', 95, 97, 17, 19, 47, 53, 3, 80, 46, 35),
('19e4e385-6d33-58ac-b6ad-cb989f2177da', 74, 7, 93, 95, 42, 13, 11, 75, 40, 2),
('1a5df1f7-1200-63f1-0628-030d4265475f', 34, 68, 3, 6, 98, 46, 97, 39, 89, 58),
('1b561f86-2664-2a3e-efdc-845b5dcdad45', 72, 36, 46, 89, 8, 57, 95, 65, 22, 93),
('1ce192a3-6b70-712d-fa74-9471face0ab4', 75, 33, 37, 96, 30, 8, 5, 29, 62, 3),
('20624ddc-1412-159d-88c3-d3ede7a72094', 24, 1, 60, 74, 50, 84, 54, 65, 22, 37),
('225de1fd-4256-3711-f4dc-845b5dcdad45', 44, 82, 64, 58, 25, 7, 19, 31, 47, 26),
('23f585fb-3a2d-505d-b4ad-cb989f2177da', 21, 15, 72, 11, 58, 6, 71, 64, 98, 33),
('25b365f2-2435-14d4-caf8-494a84b910f4', 39, 59, 29, 37, 36, 44, 4, 46, 42, 35),
('25dcc068-2088-213d-0928-030d4265475f', 16, 65, 81, 85, 17, 97, 92, 67, 85, 48),
('25f99060-45d4-4d94-6c78-553c0310877a', 98, 31, 4, 4, 14, 40, 74, 68, 25, 87),
('27366e4a-5248-12e3-e312-ebbbcf065d1c', 19, 14, 90, 75, 19, 92, 30, 20, 56, 8),
('2795b5a7-2489-7959-8ec3-d3ede7a72094', 3, 68, 40, 38, 42, 9, 100, 94, 3, 41),
('28462535-1b23-3184-e329-16c01537719a', 10, 53, 19, 52, 64, 9, 49, 17, 59, 89),
('28d35b6d-40bb-4aee-bbad-cb989f2177da', 55, 5, 64, 47, 3, 0, 45, 76, 15, 65),
('2924c34d-68f1-1d0a-c9c7-6c0aeb6ec302', 13, 100, 24, 66, 68, 68, 10, 59, 2, 42),
('2962d1d5-1c2f-65b3-f1dc-845b5dcdad45', 72, 17, 78, 18, 6, 75, 23, 25, 64, 70),
('29d431fd-2d4b-248f-b2ad-cb989f2177da', 78, 5, 10, 37, 60, 37, 26, 61, 25, 53),
('2be43597-32d1-5030-0b28-030d4265475f', 93, 62, 38, 6, 52, 10, 31, 58, 100, 96),
('2cb2bad7-3b25-1669-0828-030d4265475f', 44, 9, 57, 100, 85, 66, 76, 48, 82, 20),
('2d7c4ad9-5762-3f18-fc74-9471face0ab4', 39, 3, 70, 67, 35, 65, 4, 99, 42, 49),
('2d7c5749-57b4-3c7a-eddc-845b5dcdad45', 60, 2, 47, 65, 4, 67, 18, 40, 97, 81),
('2e9243c3-466b-239d-6f78-553c0310877a', 83, 45, 3, 3, 52, 53, 61, 95, 41, 36),
('31f1d9d4-1568-4117-e829-16c01537719a', 95, 32, 29, 92, 47, 9, 53, 31, 53, 10),
('3574b9f0-74a9-5b51-cef8-494a84b910f4', 48, 0, 37, 60, 7, 80, 43, 9, 0, 1),
('3631011e-4559-4ad8-b0ad-cb989f2177da', 9, 6, 60, 86, 47, 81, 10, 29, 6, 54),
('37defbdb-2f28-502e-b8ad-cb989f2177da', 68, 13, 92, 2, 20, 10, 76, 6, 65, 30),
('392fa796-4918-764e-6d78-553c0310877a', 48, 23, 66, 77, 94, 72, 4, 1, 25, 65),
('3a10e21a-7b72-4e25-e512-ebbbcf065d1c', 46, 2, 34, 74, 75, 12, 88, 9, 62, 42),
('3be7f5cf-7438-6ede-83c3-d3ede7a72094', 83, 61, 50, 5, 69, 63, 74, 30, 52, 4),
('3c1063e8-464b-245e-c9f8-494a84b910f4', 86, 48, 39, 20, 26, 63, 93, 0, 6, 94),
('3d7f2a35-42d8-229a-e429-16c01537719a', 29, 85, 22, 44, 24, 40, 17, 68, 18, 60),
('3f93d93d-2236-468c-fd74-9471face0ab4', 75, 71, 40, 91, 28, 91, 36, 3, 46, 67),
('405cd8be-1160-35ff-85c3-d3ede7a72094', 34, 93, 63, 70, 77, 64, 35, 65, 41, 68),
('437ca88e-2dde-4dea-b3ad-cb989f2177da', 41, 5, 36, 89, 2, 19, 77, 25, 38, 33),
('43871870-33a0-7343-0a28-030d4265475f', 2, 24, 7, 72, 98, 1, 64, 20, 99, 2),
('450bb33b-2a2d-352b-e412-ebbbcf065d1c', 55, 85, 51, 23, 65, 90, 89, 2, 68, 51),
('4628f6df-6e4d-4115-fb74-9471face0ab4', 69, 4, 33, 88, 8, 30, 9, 57, 99, 17),
('46fdb2bd-631c-3043-8cc3-d3ede7a72094', 95, 63, 94, 19, 23, 61, 73, 15, 52, 80),
('471530a2-44fe-7395-b1ad-cb989f2177da', 22, 72, 6, 14, 19, 10, 6, 20, 13, 98),
('4792e258-7219-77c2-f2dc-845b5dcdad45', 68, 0, 36, 54, 96, 89, 39, 10, 62, 25),
('48cb1e24-1d08-5f4f-e729-16c01537719a', 51, 77, 82, 43, 46, 22, 21, 97, 17, 83),
('4bbd29f0-5a04-602f-0175-9471face0ab4', 98, 99, 44, 39, 0, 3, 3, 60, 4, 34),
('4c630b2d-7305-5ed5-0075-9471face0ab4', 91, 96, 97, 100, 34, 92, 74, 59, 10, 12),
('4cf2dd43-5f4b-71b6-e212-ebbbcf065d1c', 68, 11, 93, 68, 7, 87, 0, 48, 91, 82),
('4d1ff813-25eb-7909-cbf8-494a84b910f4', 6, 31, 63, 66, 32, 68, 68, 75, 68, 1),
('4f91dc93-6918-692d-87c3-d3ede7a72094', 30, 41, 95, 35, 77, 14, 43, 67, 92, 94),
('503e0367-3ef6-188b-7178-553c0310877a', 4, 99, 64, 27, 65, 36, 10, 62, 57, 37),
('527e8338-572e-1c59-e929-16c01537719a', 41, 6, 53, 13, 87, 1, 94, 99, 9, 93),
('5285286f-749f-52c2-8bc3-d3ede7a72094', 2, 40, 54, 84, 15, 28, 55, 66, 69, 20),
('54a11339-4527-4d4c-ccc7-6c0aeb6ec302', 3, 51, 38, 69, 96, 51, 88, 43, 58, 62),
('54b663bd-1ea7-5260-f0dc-845b5dcdad45', 85, 9, 100, 62, 78, 2, 61, 63, 27, 69),
('5626a583-2f8f-4518-e229-16c01537719a', 1, 94, 66, 100, 5, 31, 64, 10, 94, 62),
('5835bc5a-49a5-3026-86c3-d3ede7a72094', 0, 95, 79, 5, 40, 77, 80, 1, 80, 97),
('58452b3e-773c-3047-7478-553c0310877a', 29, 33, 12, 14, 54, 11, 64, 60, 18, 89),
('5a6d957e-29e7-4a12-84c3-d3ede7a72094', 37, 48, 89, 74, 73, 60, 82, 26, 0, 100),
('5cdf3d20-7ceb-6ff6-89c3-d3ede7a72094', 50, 47, 89, 40, 22, 21, 71, 75, 59, 42),
('5e012159-7981-6022-b9ad-cb989f2177da', 20, 79, 27, 2, 96, 73, 80, 21, 4, 65),
('5e80a452-2a94-3680-cec7-6c0aeb6ec302', 33, 41, 34, 1, 71, 79, 78, 41, 79, 20),
('5f620c85-55d9-7632-6a78-553c0310877a', 0, 52, 63, 14, 87, 24, 22, 39, 30, 41),
('5f7b48e5-16f9-2f2f-ecdc-845b5dcdad45', 4, 7, 32, 50, 87, 82, 41, 9, 17, 57),
('616b4521-3576-5c0c-7278-553c0310877a', 50, 97, 10, 98, 19, 40, 42, 78, 66, 100),
('61724bba-285f-3a43-7578-553c0310877a', 62, 34, 38, 24, 63, 90, 86, 43, 60, 46),
('62452262-64e1-492b-0728-030d4265475f', 66, 44, 91, 1, 13, 37, 15, 97, 90, 29),
('626218bf-7539-37c4-e629-16c01537719a', 14, 67, 2, 74, 62, 97, 8, 3, 80, 18),
('62d5360d-27b8-1ff8-cdc7-6c0aeb6ec302', 41, 70, 75, 61, 90, 98, 62, 19, 4, 34),
('64982a26-5d67-270d-b5ad-cb989f2177da', 97, 9, 18, 45, 98, 39, 41, 6, 51, 65),
('6743babc-319b-3256-7078-553c0310877a', 8, 100, 59, 9, 45, 75, 44, 87, 49, 16),
('67d2e2b2-6db2-39a5-cdf8-494a84b910f4', 93, 30, 14, 23, 77, 32, 32, 86, 11, 3),
('68299245-1769-51e3-8ac3-d3ede7a72094', 60, 1, 81, 41, 4, 28, 52, 2, 54, 92),
('6e52efd1-769c-2ea0-eedc-845b5dcdad45', 20, 6, 72, 40, 45, 33, 69, 67, 95, 14),
('6efdd59f-6a51-5c23-e812-ebbbcf065d1c', 16, 59, 41, 1, 51, 46, 100, 36, 16, 30),
('7256e784-793a-380a-ff74-9471face0ab4', 31, 27, 2, 3, 39, 0, 57, 5, 34, 38),
('72d5a42d-1de5-5146-6e78-553c0310877a', 44, 45, 63, 5, 65, 82, 75, 21, 4, 88),
('73df2fb4-4efc-4196-cff8-494a84b910f4', 89, 17, 97, 41, 80, 89, 11, 25, 75, 94),
('7521d1ba-3c9c-4bf9-e912-ebbbcf065d1c', 1, 7, 77, 80, 54, 69, 48, 40, 83, 95),
('76a8af11-194b-5e74-7378-553c0310877a', 81, 79, 40, 24, 59, 20, 90, 63, 20, 39),
('7748d729-74bf-3c52-ccf8-494a84b910f4', 17, 23, 92, 77, 3, 42, 63, 63, 96, 7),
('78d3e2b4-1c61-2d4c-f3dc-845b5dcdad45', 86, 4, 1, 84, 6, 29, 36, 28, 95, 88),
('79e2659b-1e78-7dc9-0528-030d4265475f', 0, 63, 25, 88, 69, 50, 51, 50, 56, 25),
('7a04d0df-4c77-6ae7-8dc3-d3ede7a72094', 39, 10, 2, 20, 24, 84, 31, 58, 87, 45),
('7a0b757e-41eb-4df6-c6f8-494a84b910f4', 7, 8, 92, 25, 85, 67, 84, 44, 25, 29),
('7b01963d-2bc0-5b15-82c3-d3ede7a72094', 56, 2, 85, 64, 9, 85, 1, 2, 6, 50),
('7b9c3016-2ff6-283a-0c28-030d4265475f', 2, 59, 8, 20, 83, 14, 100, 9, 18, 48),
('7d059f54-6028-5fac-baad-cb989f2177da', 65, 39, 56, 13, 86, 5, 99, 84, 77, 62),
('7dcdc0cb-212f-604b-c7f8-494a84b910f4', 50, 77, 39, 67, 5, 95, 32, 70, 53, 34),
('7e73697c-79be-7250-fe74-9471face0ab4', 25, 48, 58, 56, 55, 63, 74, 46, 83, 49),
('7e760549-7d28-2394-c8f8-494a84b910f4', 52, 1, 28, 14, 32, 31, 75, 10, 95, 88);

-- 
-- Dumping data for table bai_viet
--
INSERT INTO bai_viet VALUES
('11452b0c-768e-5ff7-0d63-eeb1d8ed8cef', '5e80a452-2a94-3680-cec7-6c0aeb6ec302', '4fac4b9e-6c96-177f-d292-0ed10b503732', 'Tiêu đề 004', 'Nội dung 004', 'Ảnh D004', '1971-04-05 08:41:42'),
('1152da18-24d8-65b6-0380-e8e2a817c80e', '527e8338-572e-1c59-e929-16c01537719a', '7c6369f2-18d3-679e-d7ab-8b7af6721bcf', 'Tiêu đề 049', 'Nội dung 049', 'Ảnh D049', '1970-01-01 02:45:15'),
('11f7089b-33e6-371a-f817-7000f455f3d5', '4628f6df-6e4d-4115-fb74-9471face0ab4', '7c6369f2-18d3-679e-d7ab-8b7af6721bcf', 'Tiêu đề 021', 'Nội dung 021', 'Ảnh D021', '1984-10-29 06:53:09'),
('13fc3540-52b5-3489-1163-eeb1d8ed8cef', '7d059f54-6028-5fac-baad-cb989f2177da', '7c6369f2-18d3-679e-d7ab-8b7af6721bcf', 'Tiêu đề 072', 'Nội dung 072', 'Ảnh D072', '2018-06-14 13:15:22'),
('142cb08f-7c31-21fa-8e90-67245e8b283e', '25f99060-45d4-4d94-6c78-553c0310877a', '592b006d-6335-6101-edf6-092cdb0ab5e8', 'Tiêu đề 000', 'Nội dung 000', 'Ảnh D000', '1970-01-01 00:07:13'),
('14c0ce35-1687-459c-1acb-66948daf6128', '7b01963d-2bc0-5b15-82c3-d3ede7a72094', '592b006d-6335-6101-edf6-092cdb0ab5e8', 'Tiêu đề 032', 'Nội dung 032', 'Ảnh D032', '1972-09-05 09:56:32'),
('17120d02-6ab5-3e43-18cb-66948daf6128', '392fa796-4918-764e-6d78-553c0310877a', '7c6369f2-18d3-679e-d7ab-8b7af6721bcf', 'Tiêu đề 003', 'Nội dung 003', 'Ảnh D003', '1972-11-04 10:04:15'),
('179d5bc0-2405-67f7-9590-67245e8b283e', '2924c34d-68f1-1d0a-c9c7-6c0aeb6ec302', '7c6369f2-18d3-679e-d7ab-8b7af6721bcf', 'Tiêu đề 052', 'Nội dung 052', 'Ảnh D052', '1970-01-01 00:09:14'),
('1b336f56-7ee3-7ceb-1ccb-66948daf6128', '19e4e385-6d33-58ac-b6ad-cb989f2177da', '592b006d-6335-6101-edf6-092cdb0ab5e8', 'Tiêu đề 056', 'Nội dung 056', 'Ảnh D056', '1999-04-16 00:21:15'),
('1c2187a3-6d94-2ded-21cb-66948daf6128', '5cdf3d20-7ceb-6ff6-89c3-d3ede7a72094', '592b006d-6335-6101-edf6-092cdb0ab5e8', 'Tiêu đề 098', 'Nội dung 098', 'Ảnh D098', '1970-01-01 00:00:10'),
('1ded3dd7-32db-5bc9-9190-67245e8b283e', '1146f657-259f-3d63-d0c7-6c0aeb6ec302', '592b006d-6335-6101-edf6-092cdb0ab5e8', 'Tiêu đề 019', 'Nội dung 019', 'Ảnh D019', '1970-01-01 00:01:23'),
('1e5a953f-1c88-5769-addb-e5d54223c257', '616b4521-3576-5c0c-7278-553c0310877a', '592b006d-6335-6101-edf6-092cdb0ab5e8', 'Tiêu đề 050', 'Nội dung 050', 'Ảnh D050', '2015-07-27 13:04:19'),
('1f22399e-14b4-5c2b-8132-6a1673ffca7c', '62d5360d-27b8-1ff8-cdc7-6c0aeb6ec302', '4fac4b9e-6c96-177f-d292-0ed10b503732', 'Tiêu đề 030', 'Nội dung 030', 'Ảnh D030', '1979-12-17 21:44:15'),
('1f74cd3f-6de4-5324-0180-e8e2a817c80e', '5835bc5a-49a5-3026-86c3-d3ede7a72094', '4fac4b9e-6c96-177f-d292-0ed10b503732', 'Tiêu đề 012', 'Nội dung 012', 'Ảnh D012', '1990-06-22 10:33:30'),
('1f8d7e46-1d1e-335f-79dd-867949feb8b5', '11eea441-2a19-1735-6b78-553c0310877a', '4fac4b9e-6c96-177f-d292-0ed10b503732', 'Tiêu đề 045', 'Nội dung 045', 'Ảnh D045', '2019-10-14 09:03:03'),
('205a3e0a-13fe-3557-8232-6a1673ffca7c', '5f620c85-55d9-7632-6a78-553c0310877a', '4fac4b9e-6c96-177f-d292-0ed10b503732', 'Tiêu đề 041', 'Nội dung 041', 'Ảnh D041', '2011-08-14 19:10:28'),
('20d0b9f3-3e65-1639-9d7d-e8c757976496', '6e52efd1-769c-2ea0-eedc-845b5dcdad45', '7c6369f2-18d3-679e-d7ab-8b7af6721bcf', 'Tiêu đề 064', 'Nội dung 064', 'Ảnh D064', '1970-01-01 00:55:33'),
('22032557-51a3-4005-1263-eeb1d8ed8cef', '405cd8be-1160-35ff-85c3-d3ede7a72094', '592b006d-6335-6101-edf6-092cdb0ab5e8', 'Tiêu đề 080', 'Nội dung 080', 'Ảnh D080', '2021-01-11 11:11:31'),
('24629593-3d34-32fd-997d-e8c757976496', '7256e784-793a-380a-ff74-9471face0ab4', '4fac4b9e-6c96-177f-d292-0ed10b503732', 'Tiêu đề 029', 'Nội dung 029', 'Ảnh D029', '1970-01-01 00:01:38'),
('247986de-4165-651a-9490-67245e8b283e', '6efdd59f-6a51-5c23-e812-ebbbcf065d1c', '592b006d-6335-6101-edf6-092cdb0ab5e8', 'Tiêu đề 047', 'Nội dung 047', 'Ảnh D047', '2003-02-04 20:13:43'),
('257ea484-501b-1644-7cdd-867949feb8b5', '194fda9a-2129-413c-e529-16c01537719a', '7c6369f2-18d3-679e-d7ab-8b7af6721bcf', 'Tiêu đề 085', 'Nội dung 085', 'Ảnh D085', '2001-03-12 13:58:14'),
('25efaa0a-2220-4655-20cb-66948daf6128', '68299245-1769-51e3-8ac3-d3ede7a72094', '4fac4b9e-6c96-177f-d292-0ed10b503732', 'Tiêu đề 093', 'Nội dung 093', 'Ảnh D093', '1979-04-18 14:14:00'),
('284ccb05-337b-7e6f-9090-67245e8b283e', '4bbd29f0-5a04-602f-0175-9471face0ab4', '7c6369f2-18d3-679e-d7ab-8b7af6721bcf', 'Tiêu đề 017', 'Nội dung 017', 'Ảnh D017', '1970-01-01 00:15:42'),
('2b850d3d-6722-3f01-1bcb-66948daf6128', '7e760549-7d28-2394-c8f8-494a84b910f4', '592b006d-6335-6101-edf6-092cdb0ab5e8', 'Tiêu đề 043', 'Nội dung 043', 'Ảnh D043', '2003-12-22 21:19:00'),
('2bbbd485-6df2-536a-7e32-6a1673ffca7c', '2962d1d5-1c2f-65b3-f1dc-845b5dcdad45', '4fac4b9e-6c96-177f-d292-0ed10b503732', 'Tiêu đề 009', 'Nội dung 009', 'Ảnh D009', '1996-07-25 17:28:10'),
('2bf413d3-7a2c-217a-78dd-867949feb8b5', '20624ddc-1412-159d-88c3-d3ede7a72094', '592b006d-6335-6101-edf6-092cdb0ab5e8', 'Tiêu đề 035', 'Nội dung 035', 'Ảnh D035', '2021-09-07 14:07:33'),
('2dcedb9c-6c32-7d27-977d-e8c757976496', '29d431fd-2d4b-248f-b2ad-cb989f2177da', '4fac4b9e-6c96-177f-d292-0ed10b503732', 'Tiêu đề 016', 'Nội dung 016', 'Ảnh D016', '2004-09-26 17:57:02'),
('2de001fe-529b-33ad-0280-e8e2a817c80e', '3631011e-4559-4ad8-b0ad-cb989f2177da', '592b006d-6335-6101-edf6-092cdb0ab5e8', 'Tiêu đề 038', 'Nội dung 038', 'Ảnh D038', '2009-05-28 10:24:42'),
('2fb0b105-7808-503a-76dd-867949feb8b5', '1a5df1f7-1200-63f1-0628-030d4265475f', '7c6369f2-18d3-679e-d7ab-8b7af6721bcf', 'Tiêu đề 026', 'Nội dung 026', 'Ảnh D026', '2003-01-11 10:37:03'),
('2ff059da-69a9-17a4-fc17-7000f455f3d5', '72d5a42d-1de5-5146-6e78-553c0310877a', '4fac4b9e-6c96-177f-d292-0ed10b503732', 'Tiêu đề 079', 'Nội dung 079', 'Ảnh D079', '2019-01-09 02:35:23'),
('30c8ee28-58a3-22f2-5e92-08c864661f9c', '19165ed7-212e-21c4-0428-030d4265475f', '592b006d-6335-6101-edf6-092cdb0ab5e8', 'Tiêu đề 031', 'Nội dung 031', 'Ảnh D031', '1971-12-01 13:53:43'),
('34cde64f-62e4-186c-77dd-867949feb8b5', '64982a26-5d67-270d-b5ad-cb989f2177da', '4fac4b9e-6c96-177f-d292-0ed10b503732', 'Tiêu đề 033', 'Nội dung 033', 'Ảnh D033', '1970-01-01 01:00:18'),
('3590dd80-43d2-1325-8732-6a1673ffca7c', '43871870-33a0-7343-0a28-030d4265475f', '4fac4b9e-6c96-177f-d292-0ed10b503732', 'Tiêu đề 090', 'Nội dung 090', 'Ảnh D090', '1975-09-15 04:02:53'),
('3599ef50-13ed-5404-0e63-eeb1d8ed8cef', '76a8af11-194b-5e74-7378-553c0310877a', '592b006d-6335-6101-edf6-092cdb0ab5e8', 'Tiêu đề 027', 'Nội dung 027', 'Ảnh D027', '1970-01-01 00:01:28'),
('38b1d642-47b7-7c97-6692-08c864661f9c', '3574b9f0-74a9-5b51-cef8-494a84b910f4', '592b006d-6335-6101-edf6-092cdb0ab5e8', 'Tiêu đề 097', 'Nội dung 097', 'Ảnh D097', '1975-05-15 18:21:25'),
('3ab17eb8-4928-4275-8332-6a1673ffca7c', '7521d1ba-3c9c-4bf9-e912-ebbbcf065d1c', '4fac4b9e-6c96-177f-d292-0ed10b503732', 'Tiêu đề 055', 'Nội dung 055', 'Ảnh D055', '1980-02-22 19:27:56'),
('3abc4ce5-462f-5db9-9e7d-e8c757976496', '48cb1e24-1d08-5f4f-e729-16c01537719a', '7c6369f2-18d3-679e-d7ab-8b7af6721bcf', 'Tiêu đề 078', 'Nội dung 078', 'Ảnh D078', '1970-01-01 00:01:15'),
('3ef08d53-5bf3-1e97-9790-67245e8b283e', '67d2e2b2-6db2-39a5-cdf8-494a84b910f4', '7c6369f2-18d3-679e-d7ab-8b7af6721bcf', 'Tiêu đề 069', 'Nội dung 069', 'Ảnh D069', '1970-01-01 00:00:36'),
('3f66f2d6-688b-4161-5f92-08c864661f9c', '31f1d9d4-1568-4117-e829-16c01537719a', '7c6369f2-18d3-679e-d7ab-8b7af6721bcf', 'Tiêu đề 034', 'Nội dung 034', 'Ảnh D034', '2007-09-10 12:23:58'),
('40036f5e-657f-2c3d-9f7d-e8c757976496', '3be7f5cf-7438-6ede-83c3-d3ede7a72094', '4fac4b9e-6c96-177f-d292-0ed10b503732', 'Tiêu đề 083', 'Nội dung 083', 'Ảnh D083', '2004-09-15 04:29:28'),
('404fe340-1fd3-414b-aadb-e5d54223c257', '27366e4a-5248-12e3-e312-ebbbcf065d1c', '7c6369f2-18d3-679e-d7ab-8b7af6721bcf', 'Tiêu đề 020', 'Nội dung 020', 'Ảnh D020', '1991-06-12 06:52:33'),
('4188bc78-6e7e-2c0a-7fdd-867949feb8b5', '4c630b2d-7305-5ed5-0075-9471face0ab4', '592b006d-6335-6101-edf6-092cdb0ab5e8', 'Tiêu đề 099', 'Nội dung 099', 'Ảnh D099', '1970-01-01 00:00:51'),
('4296b118-76aa-3241-7edd-867949feb8b5', '194f6516-1a6a-7e46-cfc7-6c0aeb6ec302', '4fac4b9e-6c96-177f-d292-0ed10b503732', 'Tiêu đề 096', 'Nội dung 096', 'Ảnh D096', '2021-08-22 12:02:01'),
('438fec4c-2dad-30d7-a07d-e8c757976496', '4792e258-7219-77c2-f2dc-845b5dcdad45', '592b006d-6335-6101-edf6-092cdb0ab5e8', 'Tiêu đề 092', 'Nội dung 092', 'Ảnh D092', '1970-01-01 00:13:12'),
('439cdac8-4380-1e2d-0f63-eeb1d8ed8cef', '79e2659b-1e78-7dc9-0528-030d4265475f', '7c6369f2-18d3-679e-d7ab-8b7af6721bcf', 'Tiêu đề 051', 'Nội dung 051', 'Ảnh D051', '1970-01-01 00:04:31'),
('4448a185-202a-56da-8632-6a1673ffca7c', '1731fa87-79fd-4cc1-6978-553c0310877a', '4fac4b9e-6c96-177f-d292-0ed10b503732', 'Tiêu đề 082', 'Nội dung 082', 'Ảnh D082', '1978-05-05 18:36:47'),
('4577565a-7e3e-493a-74dd-867949feb8b5', '58452b3e-773c-3047-7478-553c0310877a', '7c6369f2-18d3-679e-d7ab-8b7af6721bcf', 'Tiêu đề 006', 'Nội dung 006', 'Ảnh D006', '1970-04-09 14:11:13'),
('469b3ece-744a-45d5-957d-e8c757976496', '28d35b6d-40bb-4aee-bbad-cb989f2177da', '4fac4b9e-6c96-177f-d292-0ed10b503732', 'Tiêu đề 001', 'Nội dung 001', 'Ảnh D001', '1983-08-30 01:49:58'),
('46f514e3-3598-177c-6192-08c864661f9c', '7a0b757e-41eb-4df6-c6f8-494a84b910f4', '4fac4b9e-6c96-177f-d292-0ed10b503732', 'Tiêu đề 046', 'Nội dung 046', 'Ảnh D046', '1981-12-13 15:34:08'),
('47405a55-5845-562c-7ddd-867949feb8b5', '4f91dc93-6918-692d-87c3-d3ede7a72094', '592b006d-6335-6101-edf6-092cdb0ab5e8', 'Tiêu đề 088', 'Nội dung 088', 'Ảnh D088', '1982-09-09 13:30:51'),
('4760d71f-6e2f-5b32-19cb-66948daf6128', '133b54c3-3b57-1e4d-b7ad-cb989f2177da', '592b006d-6335-6101-edf6-092cdb0ab5e8', 'Tiêu đề 010', 'Nội dung 010', 'Ảnh D010', '1988-09-27 20:40:36'),
('47f60f67-6087-2a86-abdb-e5d54223c257', '5e012159-7981-6022-b9ad-cb989f2177da', '7c6369f2-18d3-679e-d7ab-8b7af6721bcf', 'Tiêu đề 036', 'Nội dung 036', 'Ảnh D036', '1995-11-28 14:34:24'),
('4c2386b1-57fb-15fa-1063-eeb1d8ed8cef', '25dcc068-2088-213d-0928-030d4265475f', '592b006d-6335-6101-edf6-092cdb0ab5e8', 'Tiêu đề 063', 'Nội dung 063', 'Ảnh D063', '2017-05-12 23:02:55'),
('4d79d901-1edc-5c5b-0780-e8e2a817c80e', '503e0367-3ef6-188b-7178-553c0310877a', '592b006d-6335-6101-edf6-092cdb0ab5e8', 'Tiêu đề 091', 'Nội dung 091', 'Ảnh D091', '2002-06-10 23:16:22'),
('4d7b21db-2e02-12b7-a9db-e5d54223c257', '25b365f2-2435-14d4-caf8-494a84b910f4', '7c6369f2-18d3-679e-d7ab-8b7af6721bcf', 'Tiêu đề 018', 'Nội dung 018', 'Ảnh D018', '1987-09-27 18:11:27'),
('4e272fc4-7875-78d6-7d32-6a1673ffca7c', '12a3b1c2-3be3-4332-d0f8-494a84b910f4', '4fac4b9e-6c96-177f-d292-0ed10b503732', 'Tiêu đề 002', 'Nội dung 002', 'Ảnh D002', '1999-04-13 15:47:26'),
('4eceddac-7dc2-38ea-7bdd-867949feb8b5', '5626a583-2f8f-4518-e229-16c01537719a', '592b006d-6335-6101-edf6-092cdb0ab5e8', 'Tiêu đề 065', 'Nội dung 065', 'Ảnh D065', '1970-01-01 00:00:10'),
('52f7159d-5242-1af8-9c7d-e8c757976496', '1ce192a3-6b70-712d-fa74-9471face0ab4', '592b006d-6335-6101-edf6-092cdb0ab5e8', 'Tiêu đề 058', 'Nội dung 058', 'Ảnh D058', '1970-01-01 00:13:11'),
('53f6b59c-6af6-4204-6292-08c864661f9c', '6743babc-319b-3256-7078-553c0310877a', '7c6369f2-18d3-679e-d7ab-8b7af6721bcf', 'Tiêu đề 061', 'Nội dung 061', 'Ảnh D061', '1977-01-31 10:24:46'),
('5608f456-3b97-2e05-5d92-08c864661f9c', '2cb2bad7-3b25-1669-0828-030d4265475f', '4fac4b9e-6c96-177f-d292-0ed10b503732', 'Tiêu đề 024', 'Nội dung 024', 'Ảnh D024', '1970-01-01 00:05:13'),
('5660d465-6020-48f3-75dd-867949feb8b5', '471530a2-44fe-7395-b1ad-cb989f2177da', '4fac4b9e-6c96-177f-d292-0ed10b503732', 'Tiêu đề 015', 'Nội dung 015', 'Ảnh D015', '2006-07-04 05:32:59'),
('56957607-562f-5d6d-1ecb-66948daf6128', '7e73697c-79be-7250-fe74-9471face0ab4', '7c6369f2-18d3-679e-d7ab-8b7af6721bcf', 'Tiêu đề 075', 'Nội dung 075', 'Ảnh D075', '2011-12-01 16:09:51'),
('59d19422-6657-452e-a7db-e5d54223c257', '2d7c4ad9-5762-3f18-fc74-9471face0ab4', '592b006d-6335-6101-edf6-092cdb0ab5e8', 'Tiêu đề 008', 'Nội dung 008', 'Ảnh D008', '1970-01-01 00:01:04'),
('5ae2d70b-201d-3e23-7f32-6a1673ffca7c', '3a10e21a-7b72-4e25-e512-ebbbcf065d1c', '7c6369f2-18d3-679e-d7ab-8b7af6721bcf', 'Tiêu đề 022', 'Nội dung 022', 'Ảnh D022', '2003-02-12 14:02:17'),
('5b2fcdf5-2050-7cb2-8f90-67245e8b283e', '1b561f86-2664-2a3e-efdc-845b5dcdad45', '592b006d-6335-6101-edf6-092cdb0ab5e8', 'Tiêu đề 011', 'Nội dung 011', 'Ảnh D011', '1970-01-01 00:00:05'),
('5badffd8-18c8-3f76-6492-08c864661f9c', '3c1063e8-464b-245e-c9f8-494a84b910f4', '592b006d-6335-6101-edf6-092cdb0ab5e8', 'Tiêu đề 086', 'Nội dung 086', 'Ảnh D086', '1970-01-01 00:00:02'),
('5c63ba8f-59bb-6d2f-9990-67245e8b283e', '7b9c3016-2ff6-283a-0c28-030d4265475f', '592b006d-6335-6101-edf6-092cdb0ab5e8', 'Tiêu đề 087', 'Nội dung 087', 'Ảnh D087', '2008-06-10 10:24:05'),
('5fbbda7e-7566-416f-9b7d-e8c757976496', '1696afd7-6db8-201b-0d28-030d4265475f', '4fac4b9e-6c96-177f-d292-0ed10b503732', 'Tiêu đề 053', 'Nội dung 053', 'Ảnh D053', '1975-10-10 17:13:11'),
('60084fec-3509-2779-8432-6a1673ffca7c', '3f93d93d-2236-468c-fd74-9471face0ab4', '4fac4b9e-6c96-177f-d292-0ed10b503732', 'Tiêu đề 060', 'Nội dung 060', 'Ảnh D060', '2019-08-28 01:20:21'),
('6081dc00-4df0-5184-9690-67245e8b283e', '5f7b48e5-16f9-2f2f-ecdc-845b5dcdad45', '592b006d-6335-6101-edf6-092cdb0ab5e8', 'Tiêu đề 066', 'Nội dung 066', 'Ảnh D066', '1970-01-01 01:15:49'),
('61a45b9e-55c1-3dbb-f917-7000f455f3d5', '23f585fb-3a2d-505d-b4ad-cb989f2177da', '7c6369f2-18d3-679e-d7ab-8b7af6721bcf', 'Tiêu đề 044', 'Nội dung 044', 'Ảnh D044', '1970-01-01 00:02:22'),
('6429b0f4-1391-7f32-9390-67245e8b283e', '61724bba-285f-3a43-7578-553c0310877a', '7c6369f2-18d3-679e-d7ab-8b7af6721bcf', 'Tiêu đề 037', 'Nội dung 037', 'Ảnh D037', '1995-09-23 07:49:26'),
('645f2e5c-7670-66a0-6092-08c864661f9c', '626218bf-7539-37c4-e629-16c01537719a', '4fac4b9e-6c96-177f-d292-0ed10b503732', 'Tiêu đề 042', 'Nội dung 042', 'Ảnh D042', '1992-07-23 22:36:24'),
('6764ab86-6fcc-2757-8032-6a1673ffca7c', '1786e061-1526-3304-e712-ebbbcf065d1c', '592b006d-6335-6101-edf6-092cdb0ab5e8', 'Tiêu đề 025', 'Nội dung 025', 'Ảnh D025', '2006-10-05 10:28:23'),
('67b5c284-1c59-4a0a-0580-e8e2a817c80e', '437ca88e-2dde-4dea-b3ad-cb989f2177da', '4fac4b9e-6c96-177f-d292-0ed10b503732', 'Tiêu đề 067', 'Nội dung 067', 'Ảnh D067', '1993-05-29 08:22:05'),
('68478414-705a-2626-5c92-08c864661f9c', '225de1fd-4256-3711-f4dc-845b5dcdad45', '7c6369f2-18d3-679e-d7ab-8b7af6721bcf', 'Tiêu đề 013', 'Nội dung 013', 'Ảnh D013', '1970-01-01 00:00:01'),
('6916f8cf-1279-16d8-9290-67245e8b283e', '7a04d0df-4c77-6ae7-8dc3-d3ede7a72094', '7c6369f2-18d3-679e-d7ab-8b7af6721bcf', 'Tiêu đề 028', 'Nội dung 028', 'Ảnh D028', '1972-04-21 06:02:59'),
('698623e9-1def-6cb3-fa17-7000f455f3d5', '450bb33b-2a2d-352b-e412-ebbbcf065d1c', '4fac4b9e-6c96-177f-d292-0ed10b503732', 'Tiêu đề 057', 'Nội dung 057', 'Ảnh D057', '1981-01-10 17:10:09'),
('69cdb3c5-55bc-2a7a-9a7d-e8c757976496', '5a6d957e-29e7-4a12-84c3-d3ede7a72094', '592b006d-6335-6101-edf6-092cdb0ab5e8', 'Tiêu đề 040', 'Nội dung 040', 'Ảnh D040', '1977-08-21 19:13:28'),
('6a4d99cd-242a-6200-7add-867949feb8b5', '46fdb2bd-631c-3043-8cc3-d3ede7a72094', '4fac4b9e-6c96-177f-d292-0ed10b503732', 'Tiêu đề 048', 'Nội dung 048', 'Ảnh D048', '1989-07-10 18:41:26'),
('6c97b353-5d7d-4095-1dcb-66948daf6128', '28462535-1b23-3184-e329-16c01537719a', '7c6369f2-18d3-679e-d7ab-8b7af6721bcf', 'Tiêu đề 062', 'Nội dung 062', 'Ảnh D062', '1999-01-11 00:21:03'),
('6f2475a8-1ff5-13e7-0680-e8e2a817c80e', '54b663bd-1ea7-5260-f0dc-845b5dcdad45', '7c6369f2-18d3-679e-d7ab-8b7af6721bcf', 'Tiêu đề 077', 'Nội dung 077', 'Ảnh D077', '1990-06-06 02:54:30'),
('70253ec7-2e38-67a9-b1db-e5d54223c257', '7dcdc0cb-212f-604b-c7f8-494a84b910f4', '7c6369f2-18d3-679e-d7ab-8b7af6721bcf', 'Tiêu đề 081', 'Nội dung 081', 'Ảnh D081', '1970-01-01 00:06:40'),
('7050d79b-6948-3c66-1fcb-66948daf6128', '54a11339-4527-4d4c-ccc7-6c0aeb6ec302', '592b006d-6335-6101-edf6-092cdb0ab5e8', 'Tiêu đề 084', 'Nội dung 084', 'Ảnh D084', '1988-02-05 18:49:32'),
('70af83de-413e-63ef-6592-08c864661f9c', '2be43597-32d1-5030-0b28-030d4265475f', '4fac4b9e-6c96-177f-d292-0ed10b503732', 'Tiêu đề 094', 'Nội dung 094', 'Ảnh D094', '1970-01-01 00:37:44'),
('72ce912f-6015-2e14-fb17-7000f455f3d5', '2d7c5749-57b4-3c7a-eddc-845b5dcdad45', '592b006d-6335-6101-edf6-092cdb0ab5e8', 'Tiêu đề 070', 'Nội dung 070', 'Ảnh D070', '1984-10-07 07:20:03'),
('7325f44f-127c-240c-afdb-e5d54223c257', '7748d729-74bf-3c52-ccf8-494a84b910f4', '592b006d-6335-6101-edf6-092cdb0ab5e8', 'Tiêu đề 068', 'Nội dung 068', 'Ảnh D068', '1998-12-07 23:27:37'),
('74017ba6-559b-3426-8532-6a1673ffca7c', '2795b5a7-2489-7959-8ec3-d3ede7a72094', '7c6369f2-18d3-679e-d7ab-8b7af6721bcf', 'Tiêu đề 073', 'Nội dung 073', 'Ảnh D073', '1973-04-03 12:18:37'),
('7623d42f-35f4-1ce5-987d-e8c757976496', '16f20a3e-4e43-1b90-cbc7-6c0aeb6ec302', '7c6369f2-18d3-679e-d7ab-8b7af6721bcf', 'Tiêu đề 023', 'Nội dung 023', 'Ảnh D023', '1993-05-26 00:02:32'),
('767111e6-3dbc-615a-0880-e8e2a817c80e', '37defbdb-2f28-502e-b8ad-cb989f2177da', '592b006d-6335-6101-edf6-092cdb0ab5e8', 'Tiêu đề 095', 'Nội dung 095', 'Ảnh D095', '1981-05-14 22:58:41'),
('7686595d-16d5-33b3-0080-e8e2a817c80e', '1235c88b-5f2a-78d9-e612-ebbbcf065d1c', '592b006d-6335-6101-edf6-092cdb0ab5e8', 'Tiêu đề 007', 'Nội dung 007', 'Ảnh D007', '1978-05-01 10:45:16'),
('768f8e64-7d10-20c9-967d-e8c757976496', '5285286f-749f-52c2-8bc3-d3ede7a72094', '592b006d-6335-6101-edf6-092cdb0ab5e8', 'Tiêu đề 005', 'Nội dung 005', 'Ảnh D005', '1980-07-16 19:06:51'),
('771e3dd1-42bb-2339-acdb-e5d54223c257', '4d1ff813-25eb-7909-cbf8-494a84b910f4', '7c6369f2-18d3-679e-d7ab-8b7af6721bcf', 'Tiêu đề 039', 'Nội dung 039', 'Ảnh D039', '1993-12-16 22:23:02'),
('791b9e6b-6010-1e33-b0db-e5d54223c257', '62452262-64e1-492b-0728-030d4265475f', '4fac4b9e-6c96-177f-d292-0ed10b503732', 'Tiêu đề 074', 'Nội dung 074', 'Ảnh D074', '1970-01-01 00:09:39'),
('79fa8253-391f-4864-b2db-e5d54223c257', '78d3e2b4-1c61-2d4c-f3dc-845b5dcdad45', '4fac4b9e-6c96-177f-d292-0ed10b503732', 'Tiêu đề 089', 'Nội dung 089', 'Ảnh D089', '1970-01-01 00:16:13'),
('7abe18db-2b8a-5fcb-aedb-e5d54223c257', '3d7f2a35-42d8-229a-e429-16c01537719a', '592b006d-6335-6101-edf6-092cdb0ab5e8', 'Tiêu đề 054', 'Nội dung 054', 'Ảnh D054', '2015-11-20 17:49:58'),
('7bec5682-21c4-666f-a8db-e5d54223c257', '2e9243c3-466b-239d-6f78-553c0310877a', '4fac4b9e-6c96-177f-d292-0ed10b503732', 'Tiêu đề 014', 'Nội dung 014', 'Ảnh D014', '1973-01-04 18:14:43'),
('7e4a64ed-3925-5bb5-6392-08c864661f9c', '185f84ed-4563-51a0-cac7-6c0aeb6ec302', '4fac4b9e-6c96-177f-d292-0ed10b503732', 'Tiêu đề 071', 'Nội dung 071', 'Ảnh D071', '1970-01-01 00:00:38'),
('7e8f50b2-5100-74d8-0480-e8e2a817c80e', '4cf2dd43-5f4b-71b6-e212-ebbbcf065d1c', '592b006d-6335-6101-edf6-092cdb0ab5e8', 'Tiêu đề 059', 'Nội dung 059', 'Ảnh D059', '2015-09-27 02:22:13'),
('7f4552ee-20f2-2f82-9890-67245e8b283e', '73df2fb4-4efc-4196-cff8-494a84b910f4', '7c6369f2-18d3-679e-d7ab-8b7af6721bcf', 'Tiêu đề 076', 'Nội dung 076', 'Ảnh D076', '2018-06-28 12:21:59');

-- 
-- Restore previous SQL mode
-- 
/*!40101 SET SQL_MODE=@OLD_SQL_MODE */;

-- 
-- Enable foreign keys
-- 
/*!40014 SET FOREIGN_KEY_CHECKS = @OLD_FOREIGN_KEY_CHECKS */;